<?xml version="1.0" encoding="UTF-8" ?>
<schema name="jena-nosql SOLR simple binding Schema" version="1.5">
	<types>
		<fieldType name="string" class="solr.StrField" sortMissingLast="true" />	
		<fieldType name="numeric" class="solr.TrieDoubleField" precisionStep="8" positionIncrementGap="0"/>	
    	<fieldType name="boolean" class="solr.BoolField" sortMissingLast="true"/>
    	<fieldType name="datetime" class="solr.TrieDateField" precisionStep="6" positionIncrementGap="0"/>
    	<fieldType name="long" class="solr.TrieLongField" precisionStep="0" positionIncrementGap="0"/>
	</types>
	<fields>
		<field name="id" type="string" indexed="true" stored="true" required="true" />
		<field name="s" type="string" indexed="true" stored="true" required="true" />
		<field name="p" type="string" indexed="true" stored="true" required="true" />

		<!-- O section -->
		<!-- This is the triple object that is stored verbatim -->		
		<field name="o" type="string" indexed="true" stored="true"/>
		<field name="o_s" type="string" indexed="true" stored="false"/>
		<field name="o_b" type="boolean" indexed="true" stored="false" />
		<field name="o_d" type="datetime" indexed="true" stored="false" />
		<field name="o_n" type="numeric" indexed="true" stored="false" />
		<field name="o_lang" type="string" indexed="true" stored="false" />
		
		<field name="c" type="string" indexed="true" stored="true" />
		
		<field name="_version_" type="long" indexed="true" stored="true"/>
	</fields>
	<uniqueKey>id</uniqueKey>
</schema>
